{
  "locations": {
    "skaninaische-Halbinsel": {
      "center": [63.002052262250835, 16.01015625],
      "polygion": [
        [56.31653672211301, 14.414062500000002],
        [57.70414723434193, 12.744140625000002],
        [59.265880628258095, 11.865234375],
        [59.40036514079251, 9.755859375000002],
        [58.21702494960191, 7.470703125000001],
        [59.22093407615045, 5.800781250000001],
        [60.84491057364915, 4.921875000000001],
        [62.2679226294176, 5.800781250000001],
        [63.39152174400885, 8.964843750000002],
        [65.29346780107583, 12.216796875000002],
        [67.13582938531948, 13.974609375000002],
        [68.78414378041504, 16.787109375000004],
        [70.05059634999759, 20.566406250000004],
        [70.81581215931348, 24.697265625000004],
        [70.67088107015755, 27.861328125],
        [70.19999407534664, 30.058593750000004],
        [67.30597574414469, 26.630859375],
        [65.80277639340238, 22.32421875],
        [64.4348920430406, 20.039062500000004],
        [63.430860212678105, 17.753906250000004],
        [61.48075950007598, 17.226562500000004],
        [60.19615576604439, 18.105468750000004],
        [59.130863097255904, 18.281250000000004],
        [57.42129439209407, 16.347656250000004],
        [56.26776108757582, 15.644531250000002]
      ]
    },
    "island": {
      "center": [65.21174375618112, -18.9140625],
      "polygion": [
        [66.51326044311188, -22.67578125],
        [65.47650756256367, -24.169921875],
        [63.89873081524394, -22.060546875],
        [63.430860212678105, -19.16015625],
        [63.82128765261384, -16.699218750000004],
        [64.62387720204691, -14.23828125],
        [65.76672667423811, -14.062500000000002],
        [66.44310650816469, -15.908203125000002],
        [66.05371622067925, -19.072265625000004],
        [66.08936427047088, -21.093750000000004]
      ]
    }
  }
}
