{
  "locations": {
    "skaninaische-Halbinsel": {
      "center": [63.002052262250835, 16.01015625],
      "polygion": [
        [56.31653672211301, 14.414062500000002],
        [57.70414723434193, 12.744140625000002],
        [59.265880628258095, 11.865234375],
        [59.40036514079251, 9.755859375000002],
        [58.21702494960191, 7.470703125000001],
        [59.22093407615045, 5.800781250000001],
        [60.84491057364915, 4.921875000000001],
        [62.2679226294176, 5.800781250000001],
        [63.39152174400885, 8.964843750000002],
        [65.29346780107583, 12.216796875000002],
        [67.13582938531948, 13.974609375000002],
        [68.78414378041504, 16.787109375000004],
        [70.05059634999759, 20.566406250000004],
        [70.81581215931348, 24.697265625000004],
        [70.67088107015755, 27.861328125],
        [70.19999407534664, 30.058593750000004],
        [67.30597574414469, 26.630859375],
        [65.80277639340238, 22.32421875],
        [64.4348920430406, 20.039062500000004],
        [63.430860212678105, 17.753906250000004],
        [61.48075950007598, 17.226562500000004],
        [60.19615576604439, 18.105468750000004],
        [59.130863097255904, 18.281250000000004],
        [57.42129439209407, 16.347656250000004],
        [56.26776108757582, 15.644531250000002]
      ]
    },
    "island": {
      "center": [65.21174375618112, -18.9140625],
      "polygion": [
        [66.51326044311188, -22.67578125],
        [65.47650756256367, -24.169921875],
        [63.89873081524394, -22.060546875],
        [63.430860212678105, -19.16015625],
        [63.82128765261384, -16.699218750000004],
        [64.62387720204691, -14.23828125],
        [65.76672667423811, -14.062500000000002],
        [66.44310650816469, -15.908203125000002],
        [66.05371622067925, -19.072265625000004],
        [66.08936427047088, -21.093750000000004]
      ]
    },
    "Corsica": {
      "center": [42.23467578042127, 9.06521883877841],
      "polygion": [
        [42.93229601903058, 9.437255859375002],
        [42.771211138625894, 9.492187500000002],
        [42.65820178455667, 9.437255859375002],
        [42.52069952914966, 9.525146484375002],
        [42.24478535602799, 9.547119140625002],
        [41.96765920367816, 9.437255859375002],
        [41.69752591075902, 9.393310546875002],
        [41.376808565702355, 9.250488281250002],
        [41.52502957323801, 8.800048828125002],
        [41.705728515237524, 8.887939453125002],
        [41.713930073371294, 8.690185546875002],
        [41.89409955811395, 8.811035156250002],
        [41.92680320648791, 8.613281250000002],
        [42.04929263868686, 8.745117187500002],
        [42.17968819665963, 8.558349609375002],
        [42.26917949243506, 8.690185546875002],
        [42.35854391749705, 8.569335937500002],
        [42.53689200787317, 8.734130859375002],
        [42.60970621339408, 9.019775390625002],
        [42.71473218539458, 9.184570312500002],
        [42.67435857693384, 9.294433593750002],
        [42.83569550641452, 9.316406250000002]
      ]
    },
    "Sardinien": {
      "center": [40.06314511425932, 8.789376395089286],
      "polygion": [
        [41.236511201246216, 9.349365234375002],
        [40.83874913796459, 9.667968750000002],
        [40.47202439692057, 9.799804687500002],
        [40.22082997283287, 9.667968750000002],
        [40.027614437486655, 9.766845703125002],
        [39.73253798438173, 9.624023437500002],
        [39.41922073655956, 9.624023437500002],
        [39.07037913108751, 9.569091796875002],
        [39.189690821096804, 9.217529296875002],
        [39.01064750994083, 9.041748046875002],
        [38.839707613545144, 8.876953125000002],
        [38.865374851611634, 8.613281250000002],
        [39.036252959636606, 8.514404296875002],
        [38.950865400919994, 8.426513671875002],
        [39.14710270770074, 8.250732421875002],
        [39.2832938689385, 8.415527343750002],
        [39.47860556892209, 8.415527343750002],
        [39.59722324495565, 8.492431640625002],
        [39.7240885773337, 8.459472656250002],
        [39.85072092501597, 8.580322265625002],
        [39.926588421909436, 8.437500000000002],
        [40.0360265298117, 8.426513671875002],
        [40.22082997283287, 8.481445312500002],
        [40.371658891506094, 8.404541015625002],
        [40.54720023441049, 8.338623046875002],
        [40.58058466412764, 8.206787109375002],
        [40.72228267283148, 8.162841796875002],
        [40.95501133048621, 8.195800781250002],
        [41.08763212467916, 8.294677734375002],
        [40.84706035607122, 8.261718750000002],
        [40.83874913796459, 8.437500000000002],
        [40.863679665481676, 8.668212890625002],
        [40.96330795307353, 8.822021484375002],
        [41.09591205639546, 8.964843750000002],
        [41.16211393939692, 9.151611328125002]
      ]
    },
    "Britische-Inseln": {
      "center": [53.810641110624665, -5.1531944976993875],